{
  "AnalyzeStats": [
    {
      "TableName": "active_components",
      "LastAutoAnalyze": "2024-05-15T09:27:48.422841Z",
      "LastAnalyze": null,
      "LastAutoVacuum": "2024-05-15T09:27:48.415649Z",
      "LastVacuum": null
    },
    {
      "TableName": "active_components_active_contexts_slices",
      "LastAutoAnalyze": "2024-05-15T09:27:48.440215Z",
      "LastAnalyze": null,
      "LastAutoVacuum": "2024-05-15T09:27:48.432985Z",
      "LastVacuum": null
    },
    {
      "TableName": "administration_events",
      "LastAutoAnalyze": "2024-05-15T11:33:05.364461Z",
      "LastAnalyze": null,
      "LastAutoVacuum": null,
      "LastVacuum": null
    },
    {
      "TableName": "alerts",
      "LastAutoAnalyze": "2024-05-16T12:13:03.747899Z",
      "LastAnalyze": null,
      "LastAutoVacuum": "2024-05-15T11:32:05.348458Z",
      "LastVacuum": null
    },
    {
      "TableName": "api_tokens",
      "LastAutoAnalyze": null,
      "LastAnalyze": null,
      "LastAutoVacuum": null,
      "LastVacuum": null
    },
    {
      "TableName": "auth_machine_to_machine_configs",
      "LastAutoAnalyze": null,
      "LastAnalyze": null,
      "LastAutoVacuum": null,
      "LastVacuum": null
    },
    {
      "TableName": "auth_machine_to_machine_configs_mappings",
      "LastAutoAnalyze": null,
      "LastAnalyze": null,
      "LastAutoVacuum": null,
      "LastVacuum": null
    },
    {
      "TableName": "auth_providers",
      "LastAutoAnalyze": null,
      "LastAnalyze": null,
      "LastAutoVacuum": null,
      "LastVacuum": null
    },
    {
      "TableName": "blobs",
      "LastAutoAnalyze": null,
      "LastAnalyze": null,
      "LastAutoVacuum": null,
      "LastVacuum": null
    },
    {
      "TableName": "cloud_sources",
      "LastAutoAnalyze": null,
      "LastAnalyze": null,
      "LastAutoVacuum": null,
      "LastVacuum": null
    },
    {
      "TableName": "cluster_cve_edges",
      "LastAutoAnalyze": "2024-05-17T07:05:11.903773Z",
      "LastAnalyze": null,
      "LastAutoVacuum": "2024-05-15T13:32:07.038613Z",
      "LastVacuum": null
    },
    {
      "TableName": "cluster_cves",
      "LastAutoAnalyze": "2024-05-17T07:05:11.883559Z",
      "LastAnalyze": null,
      "LastAutoVacuum": "2024-05-16T07:00:41.235216Z",
      "LastVacuum": null
    },
    {
      "TableName": "cluster_health_statuses",
      "LastAutoAnalyze": "2024-05-17T12:40:34.50003Z",
      "LastAnalyze": null,
      "LastAutoVacuum": "2024-05-17T12:39:34.495843Z",
      "LastVacuum": null
    },
    {
      "TableName": "cluster_init_bundles",
      "LastAutoAnalyze": null,
      "LastAnalyze": null,
      "LastAutoVacuum": null,
      "LastVacuum": null
    },
    {
      "TableName": "clusters",
      "LastAutoAnalyze": "2024-05-15T10:09:49.100065Z",
      "LastAnalyze": null,
      "LastAutoVacuum": null,
      "LastVacuum": null
    },
    {
      "TableName": "collections",
      "LastAutoAnalyze": null,
      "LastAnalyze": null,
      "LastAutoVacuum": null,
      "LastVacuum": null
    },
    {
      "TableName": "collections_embedded_collections",
      "LastAutoAnalyze": null,
      "LastAnalyze": null,
      "LastAutoVacuum": null,
      "LastVacuum": null
    },
    {
      "TableName": "compliance_configs",
      "LastAutoAnalyze": null,
      "LastAnalyze": null,
      "LastAutoVacuum": null,
      "LastVacuum": null
    },
    {
      "TableName": "compliance_domains",
      "LastAutoAnalyze": "2024-05-14T13:46:29.6418Z",
      "LastAnalyze": null,
      "LastAutoVacuum": null,
      "LastVacuum": null
    },
    {
      "TableName": "compliance_integrations",
      "LastAutoAnalyze": "2024-05-17T12:31:34.409237Z",
      "LastAnalyze": null,
      "LastAutoVacuum": null,
      "LastVacuum": null
    },
    {
      "TableName": "compliance_operator_check_result_v2",
      "LastAutoAnalyze": "2024-05-16T12:43:04.174362Z",
      "LastAnalyze": null,
      "LastAutoVacuum": "2024-05-15T09:10:48.123579Z",
      "LastVacuum": null
    },
    {
      "TableName": "compliance_operator_check_results",
      "LastAutoAnalyze": "2024-05-16T12:43:04.181106Z",
      "LastAnalyze": null,
      "LastAutoVacuum": "2024-05-15T11:32:05.34876Z",
      "LastVacuum": null
    },
    {
      "TableName": "compliance_operator_cluster_scan_config_statuses",
      "LastAutoAnalyze": null,
      "LastAnalyze": null,
      "LastAutoVacuum": null,
      "LastVacuum": null
    },
    {
      "TableName": "compliance_operator_profile_v2",
      "LastAutoAnalyze": "2024-05-16T12:47:04.2991Z",
      "LastAnalyze": null,
      "LastAutoVacuum": "2024-05-15T11:33:05.478288Z",
      "LastVacuum": null
    },
    {
      "TableName": "compliance_operator_profile_v2_rules",
      "LastAutoAnalyze": "2024-05-16T12:47:04.32401Z",
      "LastAnalyze": null,
      "LastAutoVacuum": "2024-05-16T12:47:04.311509Z",
      "LastVacuum": null
    },
    {
      "TableName": "compliance_operator_profiles",
      "LastAutoAnalyze": "2024-05-16T12:47:04.246216Z",
      "LastAnalyze": null,
      "LastAutoVacuum": "2024-05-15T11:32:05.369433Z",
      "LastVacuum": null
    },
    {
      "TableName": "compliance_operator_remediation_v2",
      "LastAutoAnalyze": null,
      "LastAnalyze": null,
      "LastAutoVacuum": null,
      "LastVacuum": null
    },
    {
      "TableName": "compliance_operator_rule_v2",
      "LastAutoAnalyze": "2024-05-16T12:47:04.345524Z",
      "LastAnalyze": null,
      "LastAutoVacuum": "2024-05-16T12:47:04.338069Z",
      "LastVacuum": null
    },
    {
      "TableName": "compliance_operator_rule_v2_controls",
      "LastAutoAnalyze": "2024-05-16T12:47:04.37213Z",
      "LastAnalyze": null,
      "LastAutoVacuum": "2024-05-16T12:47:04.357707Z",
      "LastVacuum": null
    },
    {
      "TableName": "compliance_operator_rules",
      "LastAutoAnalyze": "2024-05-16T12:47:04.268247Z",
      "LastAnalyze": null,
      "LastAutoVacuum": "2024-05-16T12:47:04.262648Z",
      "LastVacuum": null
    },
    {
      "TableName": "compliance_operator_scan_configuration_v2",
      "LastAutoAnalyze": null,
      "LastAnalyze": null,
      "LastAutoVacuum": null,
      "LastVacuum": null
    },
    {
      "TableName": "compliance_operator_scan_configuration_v2_clusters",
      "LastAutoAnalyze": null,
      "LastAnalyze": null,
      "LastAutoVacuum": null,
      "LastVacuum": null
    },
    {
      "TableName": "compliance_operator_scan_configuration_v2_notifiers",
      "LastAutoAnalyze": null,
      "LastAnalyze": null,
      "LastAutoVacuum": null,
      "LastVacuum": null
    },
    {
      "TableName": "compliance_operator_scan_configuration_v2_profiles",
      "LastAutoAnalyze": null,
      "LastAnalyze": null,
      "LastAutoVacuum": null,
      "LastVacuum": null
    },
    {
      "TableName": "compliance_operator_scan_setting_binding_v2",
      "LastAutoAnalyze": null,
      "LastAnalyze": null,
      "LastAutoVacuum": null,
      "LastVacuum": null
    },
    {
      "TableName": "compliance_operator_scan_setting_bindings",
      "LastAutoAnalyze": null,
      "LastAnalyze": null,
      "LastAutoVacuum": null,
      "LastVacuum": null
    },
    {
      "TableName": "compliance_operator_scan_v2",
      "LastAutoAnalyze": null,
      "LastAnalyze": null,
      "LastAutoVacuum": null,
      "LastVacuum": null
    },
    {
      "TableName": "compliance_operator_scans",
      "LastAutoAnalyze": null,
      "LastAnalyze": null,
      "LastAutoVacuum": null,
      "LastVacuum": null
    },
    {
      "TableName": "compliance_operator_suite_v2",
      "LastAutoAnalyze": null,
      "LastAnalyze": null,
      "LastAutoVacuum": null,
      "LastVacuum": null
    },
    {
      "TableName": "compliance_run_metadata",
      "LastAutoAnalyze": "2024-05-15T11:33:05.420953Z",
      "LastAnalyze": null,
      "LastAutoVacuum": null,
      "LastVacuum": null
    },
    {
      "TableName": "compliance_run_results",
      "LastAutoAnalyze": "2024-05-15T11:33:05.429939Z",
      "LastAnalyze": null,
      "LastAutoVacuum": null,
      "LastVacuum": null
    },
    {
      "TableName": "compliance_strings",
      "LastAutoAnalyze": "2024-05-15T11:33:05.437989Z",
      "LastAnalyze": null,
      "LastAutoVacuum": null,
      "LastVacuum": null
    },
    {
      "TableName": "configs",
      "LastAutoAnalyze": null,
      "LastAnalyze": null,
      "LastAutoVacuum": null,
      "LastVacuum": null
    },
    {
      "TableName": "declarative_config_healths",
      "LastAutoAnalyze": null,
      "LastAnalyze": null,
      "LastAutoVacuum": null,
      "LastVacuum": null
    },
    {
      "TableName": "delegated_registry_configs",
      "LastAutoAnalyze": null,
      "LastAnalyze": null,
      "LastAutoVacuum": null,
      "LastVacuum": null
    },
    {
      "TableName": "deployments",
      "LastAutoAnalyze": "2024-05-16T12:13:03.823037Z",
      "LastAnalyze": null,
      "LastAutoVacuum": "2024-05-16T07:32:41.830073Z",
      "LastVacuum": null
    },
    {
      "TableName": "deployments_containers",
      "LastAutoAnalyze": "2024-05-16T07:48:41.958437Z",
      "LastAnalyze": null,
      "LastAutoVacuum": "2024-05-16T12:13:03.833061Z",
      "LastVacuum": null
    },
    {
      "TableName": "deployments_containers_envs",
      "LastAutoAnalyze": "2024-05-16T12:55:04.357902Z",
      "LastAnalyze": null,
      "LastAutoVacuum": "2024-05-16T12:55:04.357279Z",
      "LastVacuum": null
    },
    {
      "TableName": "deployments_containers_secrets",
      "LastAutoAnalyze": "2024-05-16T12:13:03.847529Z",
      "LastAnalyze": null,
      "LastAutoVacuum": "2024-05-16T12:23:03.920197Z",
      "LastVacuum": null
    },
    {
      "TableName": "deployments_containers_volumes",
      "LastAutoAnalyze": "2024-05-16T12:55:04.365042Z",
      "LastAnalyze": null,
      "LastAutoVacuum": "2024-05-16T12:13:03.857004Z",
      "LastVacuum": null
    },
    {
      "TableName": "deployments_ports",
      "LastAutoAnalyze": "2024-05-16T07:32:41.872576Z",
      "LastAnalyze": null,
      "LastAutoVacuum": "2024-05-16T07:42:41.88415Z",
      "LastVacuum": null
    },
    {
      "TableName": "deployments_ports_exposure_infos",
      "LastAutoAnalyze": "2024-05-16T07:32:41.894343Z",
      "LastAnalyze": null,
      "LastAutoVacuum": "2024-05-16T12:13:03.868469Z",
      "LastVacuum": null
    },
    {
      "TableName": "discovered_clusters",
      "LastAutoAnalyze": null,
      "LastAnalyze": null,
      "LastAutoVacuum": null,
      "LastVacuum": null
    },
    {
      "TableName": "external_backups",
      "LastAutoAnalyze": null,
      "LastAnalyze": null,
      "LastAutoVacuum": null,
      "LastVacuum": null
    },
    {
      "TableName": "groups",
      "LastAutoAnalyze": null,
      "LastAnalyze": null,
      "LastAutoVacuum": null,
      "LastVacuum": null
    },
    {
      "TableName": "hashes",
      "LastAutoAnalyze": "2024-05-17T12:36:34.456298Z",
      "LastAnalyze": null,
      "LastAutoVacuum": "2024-05-17T12:21:34.251393Z",
      "LastVacuum": null
    },
    {
      "TableName": "image_component_cve_edges",
      "LastAutoAnalyze": "2024-05-15T11:33:05.631296Z",
      "LastAnalyze": null,
      "LastAutoVacuum": "2024-05-15T09:27:48.461117Z",
      "LastVacuum": null
    },
    {
      "TableName": "image_component_edges",
      "LastAutoAnalyze": "2024-05-15T11:33:05.643314Z",
      "LastAnalyze": null,
      "LastAutoVacuum": "2024-05-15T09:27:48.503551Z",
      "LastVacuum": null
    },
    {
      "TableName": "image_components",
      "LastAutoAnalyze": "2024-05-15T11:33:05.6233Z",
      "LastAnalyze": null,
      "LastAutoVacuum": "2024-05-15T09:28:48.380131Z",
      "LastVacuum": null
    },
    {
      "TableName": "image_cve_edges",
      "LastAutoAnalyze": "2024-05-15T11:33:05.65276Z",
      "LastAnalyze": null,
      "LastAutoVacuum": "2024-05-15T09:27:48.535717Z",
      "LastVacuum": null
    },
    {
      "TableName": "image_cves",
      "LastAutoAnalyze": "2024-05-15T11:33:05.464352Z",
      "LastAnalyze": null,
      "LastAutoVacuum": "2024-05-15T11:33:05.452831Z",
      "LastVacuum": null
    },
    {
      "TableName": "image_integrations",
      "LastAutoAnalyze": null,
      "LastAnalyze": null,
      "LastAutoVacuum": null,
      "LastVacuum": null
    },
    {
      "TableName": "images",
      "LastAutoAnalyze": "2024-05-16T12:14:03.784526Z",
      "LastAnalyze": null,
      "LastAutoVacuum": null,
      "LastVacuum": null
    },
    {
      "TableName": "images_layers",
      "LastAutoAnalyze": "2024-05-17T09:06:31.69135Z",
      "LastAnalyze": null,
      "LastAutoVacuum": "2024-05-15T09:27:48.563552Z",
      "LastVacuum": null
    },
    {
      "TableName": "installation_infos",
      "LastAutoAnalyze": null,
      "LastAnalyze": null,
      "LastAutoVacuum": null,
      "LastVacuum": null
    },
    {
      "TableName": "integration_healths",
      "LastAutoAnalyze": "2024-05-16T12:47:04.286356Z",
      "LastAnalyze": null,
      "LastAutoVacuum": null,
      "LastVacuum": null
    },
    {
      "TableName": "k8s_roles",
      "LastAutoAnalyze": "2024-05-16T12:42:04.195451Z",
      "LastAnalyze": null,
      "LastAutoVacuum": "2024-05-16T12:13:03.767007Z",
      "LastVacuum": null
    },
    {
      "TableName": "listening_endpoints",
      "LastAutoAnalyze": "2024-05-15T08:27:47.523429Z",
      "LastAnalyze": null,
      "LastAutoVacuum": "2024-05-15T08:27:47.504772Z",
      "LastVacuum": null
    },
    {
      "TableName": "log_imbues",
      "LastAutoAnalyze": null,
      "LastAnalyze": null,
      "LastAutoVacuum": null,
      "LastVacuum": null
    },
    {
      "TableName": "namespaces",
      "LastAutoAnalyze": "2024-05-15T10:03:49.036284Z",
      "LastAnalyze": null,
      "LastAutoVacuum": null,
      "LastVacuum": null
    },
    {
      "TableName": "network_baselines",
      "LastAutoAnalyze": "2024-05-15T12:33:06.166504Z",
      "LastAnalyze": null,
      "LastAutoVacuum": "2024-05-15T08:28:47.476575Z",
      "LastVacuum": null
    },
    {
      "TableName": "network_entities",
      "LastAutoAnalyze": "2024-05-14T13:46:29.91508Z",
      "LastAnalyze": null,
      "LastAutoVacuum": "2024-05-14T13:46:29.760254Z",
      "LastVacuum": null
    },
    {
      "TableName": "network_flows_v2",
      "LastAutoAnalyze": null,
      "LastAnalyze": null,
      "LastAutoVacuum": null,
      "LastVacuum": null
    },
    {
      "TableName": "network_flows_v2_121c8aee_6ee3_482a_9e6d_c267429268cc",
      "LastAutoAnalyze": null,
      "LastAnalyze": null,
      "LastAutoVacuum": null,
      "LastVacuum": null
    },
    {
      "TableName": "network_flows_v2_1c87e54f_9ef0_4ddc_9223_88e6691feb5a",
      "LastAutoAnalyze": null,
      "LastAnalyze": null,
      "LastAutoVacuum": null,
      "LastVacuum": null
    },
    {
      "TableName": "network_flows_v2_26f6eeb0_58c9_4a06_8c24_13b6635bc261",
      "LastAutoAnalyze": null,
      "LastAnalyze": null,
      "LastAutoVacuum": null,
      "LastVacuum": null
    },
    {
      "TableName": "network_flows_v2_29063b2c_a6cc_4f3a_bb26_5be3e62db2e1",
      "LastAutoAnalyze": null,
      "LastAnalyze": null,
      "LastAutoVacuum": null,
      "LastVacuum": null
    },
    {
      "TableName": "network_flows_v2_2e05becb_24c3_4f05_ba3e_596c53e777fb",
      "LastAutoAnalyze": null,
      "LastAnalyze": null,
      "LastAutoVacuum": null,
      "LastVacuum": null
    },
    {
      "TableName": "network_flows_v2_32eae59c_5c44_41a2_95fe_2158d6b47efb",
      "LastAutoAnalyze": null,
      "LastAnalyze": null,
      "LastAutoVacuum": null,
      "LastVacuum": null
    },
    {
      "TableName": "network_flows_v2_3f2a2c6c_87d5_4a42_977a_53b6e48293eb",
      "LastAutoAnalyze": null,
      "LastAnalyze": null,
      "LastAutoVacuum": null,
      "LastVacuum": null
    },
    {
      "TableName": "network_flows_v2_49502f66_5a98_4671_9376_04e861f9cf1b",
      "LastAutoAnalyze": null,
      "LastAnalyze": null,
      "LastAutoVacuum": null,
      "LastVacuum": null
    },
    {
      "TableName": "network_flows_v2_59e4f460_9a33_4f46_a742_650ebdacc889",
      "LastAutoAnalyze": null,
      "LastAnalyze": null,
      "LastAutoVacuum": null,
      "LastVacuum": null
    },
    {
      "TableName": "network_flows_v2_5a7985ef_4927_4d86_b01e_0aad224e0f14",
      "LastAutoAnalyze": null,
      "LastAnalyze": null,
      "LastAutoVacuum": null,
      "LastVacuum": null
    },
    {
      "TableName": "network_flows_v2_6209e029_155d_42f6_8996_81a27fca00d5",
      "LastAutoAnalyze": null,
      "LastAnalyze": null,
      "LastAutoVacuum": null,
      "LastVacuum": null
    },
    {
      "TableName": "network_flows_v2_7f325537_4dcb_4ff1_afb3_40ed2429d3be",
      "LastAutoAnalyze": null,
      "LastAnalyze": null,
      "LastAutoVacuum": null,
      "LastVacuum": null
    },
    {
      "TableName": "network_flows_v2_812b84a2_a749_4d26_a812_3135e668c46d",
      "LastAutoAnalyze": null,
      "LastAnalyze": null,
      "LastAutoVacuum": null,
      "LastVacuum": null
    },
    {
      "TableName": "network_flows_v2_a79f5320_9fd9_40be_a4e7_053817c4eaf6",
      "LastAutoAnalyze": null,
      "LastAnalyze": null,
      "LastAutoVacuum": null,
      "LastVacuum": null
    },
    {
      "TableName": "network_flows_v2_a803ecda_f4e4_4f82_8ee6_0b7f8fe5a431",
      "LastAutoAnalyze": "2024-05-15T08:33:47.59824Z",
      "LastAnalyze": null,
      "LastAutoVacuum": "2024-05-15T08:33:47.591952Z",
      "LastVacuum": null
    },
    {
      "TableName": "network_flows_v2_ad839c9d_1cc8_435c_9429_d3bd2ffc9cd8",
      "LastAutoAnalyze": null,
      "LastAnalyze": null,
      "LastAutoVacuum": null,
      "LastVacuum": null
    },
    {
      "TableName": "network_flows_v2_c175d804_4762_4de6_9927_a0ccf62bab01",
      "LastAutoAnalyze": null,
      "LastAnalyze": null,
      "LastAutoVacuum": null,
      "LastVacuum": null
    },
    {
      "TableName": "network_flows_v2_e07ad040_2a6b_411e_bd8c_b283b7976cb3",
      "LastAutoAnalyze": null,
      "LastAnalyze": null,
      "LastAutoVacuum": null,
      "LastVacuum": null
    },
    {
      "TableName": "network_flows_v2_ef0b8bd2_3118_41b7_b388_7edb4a060866",
      "LastAutoAnalyze": null,
      "LastAnalyze": null,
      "LastAutoVacuum": null,
      "LastVacuum": null
    },
    {
      "TableName": "network_flows_v2_fac60f13_a4f6_40be_9acf_0934ba46a62c",
      "LastAutoAnalyze": null,
      "LastAnalyze": null,
      "LastAutoVacuum": null,
      "LastVacuum": null
    },
    {
      "TableName": "network_graph_configs",
      "LastAutoAnalyze": null,
      "LastAnalyze": null,
      "LastAutoVacuum": null,
      "LastVacuum": null
    },
    {
      "TableName": "networkpolicies",
      "LastAutoAnalyze": "2024-05-15T09:53:48.847076Z",
      "LastAnalyze": null,
      "LastAutoVacuum": "2024-05-16T12:13:03.785792Z",
      "LastVacuum": null
    },
    {
      "TableName": "networkpoliciesundodeployments",
      "LastAutoAnalyze": null,
      "LastAnalyze": null,
      "LastAutoVacuum": null,
      "LastVacuum": null
    },
    {
      "TableName": "networkpolicyapplicationundorecords",
      "LastAutoAnalyze": null,
      "LastAnalyze": null,
      "LastAutoVacuum": null,
      "LastVacuum": null
    },
    {
      "TableName": "node_component_edges",
      "LastAutoAnalyze": "2024-05-15T15:32:08.661937Z",
      "LastAnalyze": null,
      "LastAutoVacuum": "2024-05-15T15:32:08.658952Z",
      "LastVacuum": null
    },
    {
      "TableName": "node_components",
      "LastAutoAnalyze": "2024-05-16T12:13:03.868718Z",
      "LastAnalyze": null,
      "LastAutoVacuum": "2024-05-16T12:13:03.868623Z",
      "LastVacuum": null
    },
    {
      "TableName": "node_components_cves_edges",
      "LastAutoAnalyze": "2024-05-17T09:06:31.714153Z",
      "LastAnalyze": null,
      "LastAutoVacuum": "2024-05-17T09:06:31.705938Z",
      "LastVacuum": null
    },
    {
      "TableName": "node_cves",
      "LastAutoAnalyze": "2024-05-17T09:06:31.678862Z",
      "LastAnalyze": null,
      "LastAutoVacuum": "2024-05-17T09:06:31.667581Z",
      "LastVacuum": null
    },
    {
      "TableName": "nodes",
      "LastAutoAnalyze": null,
      "LastAnalyze": null,
      "LastAutoVacuum": null,
      "LastVacuum": null
    },
    {
      "TableName": "nodes_taints",
      "LastAutoAnalyze": null,
      "LastAnalyze": null,
      "LastAutoVacuum": null,
      "LastVacuum": null
    },
    {
      "TableName": "notification_schedules",
      "LastAutoAnalyze": null,
      "LastAnalyze": null,
      "LastAutoVacuum": null,
      "LastVacuum": null
    },
    {
      "TableName": "notifier_enc_configs",
      "LastAutoAnalyze": null,
      "LastAnalyze": null,
      "LastAutoVacuum": null,
      "LastVacuum": null
    },
    {
      "TableName": "notifiers",
      "LastAutoAnalyze": null,
      "LastAnalyze": null,
      "LastAutoVacuum": null,
      "LastVacuum": null
    },
    {
      "TableName": "permission_sets",
      "LastAutoAnalyze": "2024-05-16T12:12:03.725514Z",
      "LastAnalyze": null,
      "LastAutoVacuum": null,
      "LastVacuum": null
    },
    {
      "TableName": "pods",
      "LastAutoAnalyze": "2024-05-17T12:23:34.290773Z",
      "LastAnalyze": null,
      "LastAutoVacuum": "2024-05-16T07:32:41.924065Z",
      "LastVacuum": null
    },
    {
      "TableName": "pods_live_instances",
      "LastAutoAnalyze": "2024-05-17T12:32:34.407558Z",
      "LastAnalyze": null,
      "LastAutoVacuum": "2024-05-17T12:07:34.079648Z",
      "LastVacuum": null
    },
    {
      "TableName": "policies",
      "LastAutoAnalyze": "2024-05-14T13:46:30.193255Z",
      "LastAnalyze": null,
      "LastAutoVacuum": null,
      "LastVacuum": null
    },
    {
      "TableName": "policy_categories",
      "LastAutoAnalyze": null,
      "LastAnalyze": null,
      "LastAutoVacuum": null,
      "LastVacuum": null
    },
    {
      "TableName": "policy_category_edges",
      "LastAutoAnalyze": "2024-05-14T13:46:30.203704Z",
      "LastAnalyze": null,
      "LastAutoVacuum": null,
      "LastVacuum": null
    },
    {
      "TableName": "process_baseline_results",
      "LastAutoAnalyze": "2024-05-16T12:13:03.799373Z",
      "LastAnalyze": null,
      "LastAutoVacuum": "2024-05-15T09:53:48.866741Z",
      "LastVacuum": null
    },
    {
      "TableName": "process_baselines",
      "LastAutoAnalyze": "2024-05-15T08:27:47.551538Z",
      "LastAnalyze": null,
      "LastAutoVacuum": null,
      "LastVacuum": null
    },
    {
      "TableName": "process_indicators",
      "LastAutoAnalyze": "2024-05-15T08:27:47.722983Z",
      "LastAnalyze": null,
      "LastAutoVacuum": "2024-05-15T08:27:47.597348Z",
      "LastVacuum": null
    },
    {
      "TableName": "report_configurations",
      "LastAutoAnalyze": null,
      "LastAnalyze": null,
      "LastAutoVacuum": null,
      "LastVacuum": null
    },
    {
      "TableName": "report_configurations_notifiers",
      "LastAutoAnalyze": null,
      "LastAnalyze": null,
      "LastAutoVacuum": null,
      "LastVacuum": null
    },
    {
      "TableName": "report_snapshots",
      "LastAutoAnalyze": null,
      "LastAnalyze": null,
      "LastAutoVacuum": null,
      "LastVacuum": null
    },
    {
      "TableName": "risks",
      "LastAutoAnalyze": "2024-05-16T12:23:03.901854Z",
      "LastAnalyze": null,
      "LastAutoVacuum": "2024-05-15T09:28:48.376937Z",
      "LastVacuum": null
    },
    {
      "TableName": "role_bindings",
      "LastAutoAnalyze": "2024-05-16T12:42:04.28593Z",
      "LastAnalyze": null,
      "LastAutoVacuum": "2024-05-16T12:13:03.909834Z",
      "LastVacuum": null
    },
    {
      "TableName": "role_bindings_subjects",
      "LastAutoAnalyze": "2024-05-16T12:42:04.293697Z",
      "LastAnalyze": null,
      "LastAutoVacuum": "2024-05-16T12:42:04.293253Z",
      "LastVacuum": null
    },
    {
      "TableName": "roles",
      "LastAutoAnalyze": "2024-05-15T11:31:05.334372Z",
      "LastAnalyze": null,
      "LastAutoVacuum": null,
      "LastVacuum": null
    },
    {
      "TableName": "secrets",
      "LastAutoAnalyze": "2024-05-16T07:32:42.019398Z",
      "LastAnalyze": null,
      "LastAutoVacuum": "2024-05-15T11:32:05.678932Z",
      "LastVacuum": null
    },
    {
      "TableName": "secrets_files",
      "LastAutoAnalyze": "2024-05-16T12:13:03.931414Z",
      "LastAnalyze": null,
      "LastAutoVacuum": "2024-05-16T12:13:03.931281Z",
      "LastVacuum": null
    },
    {
      "TableName": "secrets_files_registries",
      "LastAutoAnalyze": null,
      "LastAnalyze": null,
      "LastAutoVacuum": null,
      "LastVacuum": null
    },
    {
      "TableName": "secured_units",
      "LastAutoAnalyze": null,
      "LastAnalyze": null,
      "LastAutoVacuum": null,
      "LastVacuum": null
    },
    {
      "TableName": "sensor_upgrade_configs",
      "LastAutoAnalyze": null,
      "LastAnalyze": null,
      "LastAutoVacuum": null,
      "LastVacuum": null
    },
    {
      "TableName": "service_accounts",
      "LastAutoAnalyze": "2024-05-16T12:13:03.811217Z",
      "LastAnalyze": null,
      "LastAutoVacuum": "2024-05-16T12:13:03.808806Z",
      "LastVacuum": null
    },
    {
      "TableName": "service_identities",
      "LastAutoAnalyze": "2024-05-14T13:46:29.974668Z",
      "LastAnalyze": null,
      "LastAutoVacuum": null,
      "LastVacuum": null
    },
    {
      "TableName": "signature_integrations",
      "LastAutoAnalyze": null,
      "LastAnalyze": null,
      "LastAutoVacuum": null,
      "LastVacuum": null
    },
    {
      "TableName": "simple_access_scopes",
      "LastAutoAnalyze": null,
      "LastAnalyze": null,
      "LastAutoVacuum": null,
      "LastVacuum": null
    },
    {
      "TableName": "system_infos",
      "LastAutoAnalyze": null,
      "LastAnalyze": null,
      "LastAutoVacuum": null,
      "LastVacuum": null
    },
    {
      "TableName": "versions",
      "LastAutoAnalyze": null,
      "LastAnalyze": null,
      "LastAutoVacuum": null,
      "LastVacuum": null
    },
    {
      "TableName": "vulnerability_requests",
      "LastAutoAnalyze": null,
      "LastAnalyze": null,
      "LastAutoVacuum": null,
      "LastVacuum": null
    },
    {
      "TableName": "vulnerability_requests_approvers",
      "LastAutoAnalyze": null,
      "LastAnalyze": null,
      "LastAutoVacuum": null,
      "LastVacuum": null
    },
    {
      "TableName": "vulnerability_requests_approvers_v2",
      "LastAutoAnalyze": null,
      "LastAnalyze": null,
      "LastAutoVacuum": null,
      "LastVacuum": null
    },
    {
      "TableName": "vulnerability_requests_comments",
      "LastAutoAnalyze": null,
      "LastAnalyze": null,
      "LastAutoVacuum": null,
      "LastVacuum": null
    },
    {
      "TableName": "watched_images",
      "LastAutoAnalyze": null,
      "LastAnalyze": null,
      "LastAutoVacuum": null,
      "LastVacuum": null
    }
  ],
  "Error": ""
}
