{
  "Tuples": [
    {
      "NumLiveTuples": 682,
      "NumDeadTuples": 169,
      "Table": "images_layers"
    },
    {
      "NumLiveTuples": 66,
      "NumDeadTuples": 60,
      "Table": "deployments_containers_volumes"
    },
    {
      "NumLiveTuples": 88,
      "NumDeadTuples": 57,
      "Table": "k8s_roles"
    },
    {
      "NumLiveTuples": 175,
      "NumDeadTuples": 50,
      "Table": "risks"
    },
    {
      "NumLiveTuples": 5,
      "NumDeadTuples": 50,
      "Table": "cluster_cve_edges"
    },
    {
      "NumLiveTuples": 48,
      "NumDeadTuples": 48,
      "Table": "service_accounts"
    },
    {
      "NumLiveTuples": 17,
      "NumDeadTuples": 48,
      "Table": "secrets"
    },
    {
      "NumLiveTuples": 18,
      "NumDeadTuples": 47,
      "Table": "pods"
    },
    {
      "NumLiveTuples": 9,
      "NumDeadTuples": 45,
      "Table": "cluster_health_statuses"
    },
    {
      "NumLiveTuples": 0,
      "NumDeadTuples": 42,
      "Table": "process_baselines"
    },
    {
      "NumLiveTuples": 15,
      "NumDeadTuples": 41,
      "Table": "network_baselines"
    },
    {
      "NumLiveTuples": 5,
      "NumDeadTuples": 40,
      "Table": "cluster_cves"
    },
    {
      "NumLiveTuples": 73,
      "NumDeadTuples": 40,
      "Table": "role_bindings"
    },
    {
      "NumLiveTuples": 7,
      "NumDeadTuples": 40,
      "Table": "namespaces"
    },
    {
      "NumLiveTuples": 16,
      "NumDeadTuples": 37,
      "Table": "deployments"
    },
    {
      "NumLiveTuples": 36,
      "NumDeadTuples": 36,
      "Table": "secrets_files"
    },
    {
      "NumLiveTuples": 16,
      "NumDeadTuples": 33,
      "Table": "process_baseline_results"
    },
    {
      "NumLiveTuples": 43,
      "NumDeadTuples": 33,
      "Table": "compliance_operator_profiles"
    },
    {
      "NumLiveTuples": 39,
      "NumDeadTuples": 25,
      "Table": "images"
    },
    {
      "NumLiveTuples": 43,
      "NumDeadTuples": 23,
      "Table": "compliance_operator_profile_v2"
    },
    {
      "NumLiveTuples": 1,
      "NumDeadTuples": 21,
      "Table": "versions"
    },
    {
      "NumLiveTuples": 2,
      "NumDeadTuples": 21,
      "Table": "hashes"
    },
    {
      "NumLiveTuples": 19,
      "NumDeadTuples": 20,
      "Table": "pods_live_instances"
    },
    {
      "NumLiveTuples": 10,
      "NumDeadTuples": 20,
      "Table": "deployments_ports"
    },
    {
      "NumLiveTuples": 2,
      "NumDeadTuples": 20,
      "Table": "simple_access_scopes"
    },
    {
      "NumLiveTuples": 1,
      "NumDeadTuples": 20,
      "Table": "compliance_integrations"
    },
    {
      "NumLiveTuples": 4,
      "NumDeadTuples": 20,
      "Table": "node_component_edges"
    },
    {
      "NumLiveTuples": 44,
      "NumDeadTuples": 19,
      "Table": "alerts"
    },
    {
      "NumLiveTuples": 9,
      "NumDeadTuples": 18,
      "Table": "roles"
    },
    {
      "NumLiveTuples": 18,
      "NumDeadTuples": 17,
      "Table": "deployments_containers"
    },
    {
      "NumLiveTuples": 2,
      "NumDeadTuples": 14,
      "Table": "compliance_operator_scans"
    },
    {
      "NumLiveTuples": 9,
      "NumDeadTuples": 14,
      "Table": "clusters"
    },
    {
      "NumLiveTuples": 4,
      "NumDeadTuples": 12,
      "Table": "node_components"
    },
    {
      "NumLiveTuples": 1,
      "NumDeadTuples": 11,
      "Table": "nodes"
    },
    {
      "NumLiveTuples": 50,
      "NumDeadTuples": 11,
      "Table": "administration_events"
    },
    {
      "NumLiveTuples": 1,
      "NumDeadTuples": 10,
      "Table": "configs"
    },
    {
      "NumLiveTuples": 10,
      "NumDeadTuples": 10,
      "Table": "deployments_ports_exposure_infos"
    },
    {
      "NumLiveTuples": 1,
      "NumDeadTuples": 9,
      "Table": "secrets_files_registries"
    },
    {
      "NumLiveTuples": 2,
      "NumDeadTuples": 9,
      "Table": "compliance_operator_scan_v2"
    },
    {
      "NumLiveTuples": 86,
      "NumDeadTuples": 8,
      "Table": "policies"
    },
    {
      "NumLiveTuples": 534,
      "NumDeadTuples": 8,
      "Table": "image_components"
    },
    {
      "NumLiveTuples": 102,
      "NumDeadTuples": 8,
      "Table": "compliance_operator_check_results"
    },
    {
      "NumLiveTuples": 11,
      "NumDeadTuples": 7,
      "Table": "integration_healths"
    },
    {
      "NumLiveTuples": 306,
      "NumDeadTuples": 7,
      "Table": "image_component_cve_edges"
    },
    {
      "NumLiveTuples": 6,
      "NumDeadTuples": 6,
      "Table": "networkpolicies"
    },
    {
      "NumLiveTuples": 2,
      "NumDeadTuples": 6,
      "Table": "compliance_operator_remediation_v2"
    },
    {
      "NumLiveTuples": 0,
      "NumDeadTuples": 4,
      "Table": "compliance_operator_scan_setting_binding_v2"
    },
    {
      "NumLiveTuples": 0,
      "NumDeadTuples": 4,
      "Table": "compliance_operator_scan_setting_bindings"
    },
    {
      "NumLiveTuples": 25,
      "NumDeadTuples": 4,
      "Table": "deployments_containers_secrets"
    },
    {
      "NumLiveTuples": 1,
      "NumDeadTuples": 3,
      "Table": "notification_schedules"
    },
    {
      "NumLiveTuples": 1,
      "NumDeadTuples": 2,
      "Table": "compliance_operator_suite_v2"
    },
    {
      "NumLiveTuples": 1,
      "NumDeadTuples": 2,
      "Table": "auth_providers"
    },
    {
      "NumLiveTuples": 11,
      "NumDeadTuples": 1,
      "Table": "image_integrations"
    },
    {
      "NumLiveTuples": 1,
      "NumDeadTuples": 1,
      "Table": "system_infos"
    },
    {
      "NumLiveTuples": 1,
      "NumDeadTuples": 1,
      "Table": "groups"
    },
    {
      "NumLiveTuples": 78,
      "NumDeadTuples": 0,
      "Table": "role_bindings_subjects"
    },
    {
      "NumLiveTuples": 0,
      "NumDeadTuples": 0,
      "Table": "delegated_registry_configs"
    },
    {
      "NumLiveTuples": 0,
      "NumDeadTuples": 0,
      "Table": "network_flows_v2_32eae59c_5c44_41a2_95fe_2158d6b47efb"
    },
    {
      "NumLiveTuples": 129,
      "NumDeadTuples": 0,
      "Table": "node_cves"
    },
    {
      "NumLiveTuples": 1063,
      "NumDeadTuples": 0,
      "Table": "compliance_operator_rules"
    },
    {
      "NumLiveTuples": 0,
      "NumDeadTuples": 0,
      "Table": "network_flows_v2_6209e029_155d_42f6_8996_81a27fca00d5"
    },
    {
      "NumLiveTuples": 0,
      "NumDeadTuples": 0,
      "Table": "network_flows_v2_2e05becb_24c3_4f05_ba3e_596c53e777fb"
    },
    {
      "NumLiveTuples": 0,
      "NumDeadTuples": 0,
      "Table": "network_flows_v2_ad839c9d_1cc8_435c_9429_d3bd2ffc9cd8"
    },
    {
      "NumLiveTuples": 129,
      "NumDeadTuples": 0,
      "Table": "node_components_cves_edges"
    },
    {
      "NumLiveTuples": 0,
      "NumDeadTuples": 0,
      "Table": "auth_machine_to_machine_configs_mappings"
    },
    {
      "NumLiveTuples": 0,
      "NumDeadTuples": 0,
      "Table": "network_flows_v2_29063b2c_a6cc_4f3a_bb26_5be3e62db2e1"
    },
    {
      "NumLiveTuples": 0,
      "NumDeadTuples": 0,
      "Table": "network_flows_v2_1c87e54f_9ef0_4ddc_9223_88e6691feb5a"
    },
    {
      "NumLiveTuples": 15,
      "NumDeadTuples": 0,
      "Table": "policy_categories"
    },
    {
      "NumLiveTuples": 0,
      "NumDeadTuples": 0,
      "Table": "network_flows_v2_121c8aee_6ee3_482a_9e6d_c267429268cc"
    },
    {
      "NumLiveTuples": 0,
      "NumDeadTuples": 0,
      "Table": "network_flows_v2_c175d804_4762_4de6_9927_a0ccf62bab01"
    },
    {
      "NumLiveTuples": 0,
      "NumDeadTuples": 0,
      "Table": "process_indicators"
    },
    {
      "NumLiveTuples": 0,
      "NumDeadTuples": 0,
      "Table": "collections"
    },
    {
      "NumLiveTuples": 6,
      "NumDeadTuples": 0,
      "Table": "cluster_init_bundles"
    },
    {
      "NumLiveTuples": 117,
      "NumDeadTuples": 0,
      "Table": "policy_category_edges"
    },
    {
      "NumLiveTuples": 0,
      "NumDeadTuples": 0,
      "Table": "active_components_active_contexts_slices"
    },
    {
      "NumLiveTuples": 21,
      "NumDeadTuples": 0,
      "Table": "secured_units"
    },
    {
      "NumLiveTuples": 1,
      "NumDeadTuples": 0,
      "Table": "sensor_upgrade_configs"
    },
    {
      "NumLiveTuples": 96,
      "NumDeadTuples": 0,
      "Table": "service_identities"
    },
    {
      "NumLiveTuples": 0,
      "NumDeadTuples": 0,
      "Table": "network_flows_v2_a79f5320_9fd9_40be_a4e7_053817c4eaf6"
    },
    {
      "NumLiveTuples": 0,
      "NumDeadTuples": 0,
      "Table": "network_flows_v2_812b84a2_a749_4d26_a812_3135e668c46d"
    },
    {
      "NumLiveTuples": 0,
      "NumDeadTuples": 0,
      "Table": "notifier_enc_configs"
    },
    {
      "NumLiveTuples": 797,
      "NumDeadTuples": 0,
      "Table": "compliance_strings"
    },
    {
      "NumLiveTuples": 0,
      "NumDeadTuples": 0,
      "Table": "networkpolicyapplicationundorecords"
    },
    {
      "NumLiveTuples": 0,
      "NumDeadTuples": 0,
      "Table": "vulnerability_requests_approvers_v2"
    },
    {
      "NumLiveTuples": 0,
      "NumDeadTuples": 0,
      "Table": "vulnerability_requests_comments"
    },
    {
      "NumLiveTuples": 1063,
      "NumDeadTuples": 0,
      "Table": "compliance_operator_rule_v2"
    },
    {
      "NumLiveTuples": 0,
      "NumDeadTuples": 0,
      "Table": "active_components"
    },
    {
      "NumLiveTuples": 0,
      "NumDeadTuples": 0,
      "Table": "network_flows_v2_a803ecda_f4e4_4f82_8ee6_0b7f8fe5a431"
    },
    {
      "NumLiveTuples": 11,
      "NumDeadTuples": 0,
      "Table": "permission_sets"
    },
    {
      "NumLiveTuples": 0,
      "NumDeadTuples": 0,
      "Table": "network_flows_v2_5a7985ef_4927_4d86_b01e_0aad224e0f14"
    },
    {
      "NumLiveTuples": 0,
      "NumDeadTuples": 0,
      "Table": "watched_images"
    },
    {
      "NumLiveTuples": 0,
      "NumDeadTuples": 0,
      "Table": "discovered_clusters"
    },
    {
      "NumLiveTuples": 0,
      "NumDeadTuples": 0,
      "Table": "compliance_configs"
    },
    {
      "NumLiveTuples": 3,
      "NumDeadTuples": 0,
      "Table": "blobs"
    },
    {
      "NumLiveTuples": 0,
      "NumDeadTuples": 0,
      "Table": "collections_embedded_collections"
    },
    {
      "NumLiveTuples": 0,
      "NumDeadTuples": 0,
      "Table": "auth_machine_to_machine_configs"
    },
    {
      "NumLiveTuples": 0,
      "NumDeadTuples": 0,
      "Table": "networkpoliciesundodeployments"
    },
    {
      "NumLiveTuples": 0,
      "NumDeadTuples": 0,
      "Table": "network_flows_v2_e07ad040_2a6b_411e_bd8c_b283b7976cb3"
    },
    {
      "NumLiveTuples": 1,
      "NumDeadTuples": 0,
      "Table": "network_graph_configs"
    },
    {
      "NumLiveTuples": 58233,
      "NumDeadTuples": 0,
      "Table": "network_entities"
    },
    {
      "NumLiveTuples": 0,
      "NumDeadTuples": 0,
      "Table": "log_imbues"
    },
    {
      "NumLiveTuples": 0,
      "NumDeadTuples": 0,
      "Table": "listening_endpoints"
    },
    {
      "NumLiveTuples": 797,
      "NumDeadTuples": 0,
      "Table": "compliance_run_metadata"
    },
    {
      "NumLiveTuples": 0,
      "NumDeadTuples": 0,
      "Table": "network_flows_v2"
    },
    {
      "NumLiveTuples": 0,
      "NumDeadTuples": 0,
      "Table": "external_backups"
    },
    {
      "NumLiveTuples": 0,
      "NumDeadTuples": 0,
      "Table": "report_snapshots"
    },
    {
      "NumLiveTuples": 366,
      "NumDeadTuples": 0,
      "Table": "image_cve_edges"
    },
    {
      "NumLiveTuples": 0,
      "NumDeadTuples": 0,
      "Table": "cloud_sources"
    },
    {
      "NumLiveTuples": 732,
      "NumDeadTuples": 0,
      "Table": "image_component_edges"
    },
    {
      "NumLiveTuples": 0,
      "NumDeadTuples": 0,
      "Table": "signature_integrations"
    },
    {
      "NumLiveTuples": 0,
      "NumDeadTuples": 0,
      "Table": "nodes_taints"
    },
    {
      "NumLiveTuples": 3,
      "NumDeadTuples": 0,
      "Table": "api_tokens"
    },
    {
      "NumLiveTuples": 0,
      "NumDeadTuples": 0,
      "Table": "network_flows_v2_3f2a2c6c_87d5_4a42_977a_53b6e48293eb"
    },
    {
      "NumLiveTuples": 0,
      "NumDeadTuples": 0,
      "Table": "compliance_operator_scan_configuration_v2_clusters"
    },
    {
      "NumLiveTuples": 0,
      "NumDeadTuples": 0,
      "Table": "network_flows_v2_49502f66_5a98_4671_9376_04e861f9cf1b"
    },
    {
      "NumLiveTuples": 5286,
      "NumDeadTuples": 0,
      "Table": "compliance_operator_rule_v2_controls"
    },
    {
      "NumLiveTuples": 0,
      "NumDeadTuples": 0,
      "Table": "report_configurations_notifiers"
    },
    {
      "NumLiveTuples": 217,
      "NumDeadTuples": 0,
      "Table": "image_cves"
    },
    {
      "NumLiveTuples": 0,
      "NumDeadTuples": 0,
      "Table": "network_flows_v2_26f6eeb0_58c9_4a06_8c24_13b6635bc261"
    },
    {
      "NumLiveTuples": 0,
      "NumDeadTuples": 0,
      "Table": "compliance_operator_scan_configuration_v2"
    },
    {
      "NumLiveTuples": 0,
      "NumDeadTuples": 0,
      "Table": "network_flows_v2_fac60f13_a4f6_40be_9acf_0934ba46a62c"
    },
    {
      "NumLiveTuples": 1,
      "NumDeadTuples": 0,
      "Table": "installation_infos"
    },
    {
      "NumLiveTuples": 0,
      "NumDeadTuples": 0,
      "Table": "notifiers"
    },
    {
      "NumLiveTuples": 5018,
      "NumDeadTuples": 0,
      "Table": "compliance_operator_profile_v2_rules"
    },
    {
      "NumLiveTuples": 153,
      "NumDeadTuples": 0,
      "Table": "compliance_domains"
    },
    {
      "NumLiveTuples": 0,
      "NumDeadTuples": 0,
      "Table": "network_flows_v2_7f325537_4dcb_4ff1_afb3_40ed2429d3be"
    },
    {
      "NumLiveTuples": 0,
      "NumDeadTuples": 0,
      "Table": "report_configurations"
    },
    {
      "NumLiveTuples": 212,
      "NumDeadTuples": 0,
      "Table": "compliance_operator_check_result_v2"
    },
    {
      "NumLiveTuples": 0,
      "NumDeadTuples": 0,
      "Table": "vulnerability_requests"
    },
    {
      "NumLiveTuples": 0,
      "NumDeadTuples": 0,
      "Table": "compliance_operator_cluster_scan_config_statuses"
    },
    {
      "NumLiveTuples": 0,
      "NumDeadTuples": 0,
      "Table": "vulnerability_requests_approvers"
    },
    {
      "NumLiveTuples": 2,
      "NumDeadTuples": 0,
      "Table": "declarative_config_healths"
    },
    {
      "NumLiveTuples": 797,
      "NumDeadTuples": 0,
      "Table": "compliance_run_results"
    },
    {
      "NumLiveTuples": 0,
      "NumDeadTuples": 0,
      "Table": "compliance_operator_scan_configuration_v2_profiles"
    },
    {
      "NumLiveTuples": 0,
      "NumDeadTuples": 0,
      "Table": "network_flows_v2_59e4f460_9a33_4f46_a742_650ebdacc889"
    },
    {
      "NumLiveTuples": 0,
      "NumDeadTuples": 0,
      "Table": "compliance_operator_scan_configuration_v2_notifiers"
    },
    {
      "NumLiveTuples": 292,
      "NumDeadTuples": 0,
      "Table": "deployments_containers_envs"
    },
    {
      "NumLiveTuples": 0,
      "NumDeadTuples": 0,
      "Table": "network_flows_v2_ef0b8bd2_3118_41b7_b388_7edb4a060866"
    }
  ],
  "Error": ""
}
