{
  "private_config": {
    "AlertRetention": {
      "alert_config": {
        "resolved_deploy_retention_duration_days": 7,
        "deleted_runtime_retention_duration_days": 7,
        "all_runtime_retention_duration_days": 30,
        "attempted_deploy_retention_duration_days": 7,
        "attempted_runtime_retention_duration_days": 7
      }
    },
    "image_retention_duration_days": 7,
    "expired_vuln_req_retention_duration_days": 90,
    "decommissioned_cluster_retention": {
      "last_updated": {
        "seconds": 1715024857,
        "nanos": 99226487
      },
      "created_at": {
        "seconds": 1715024857,
        "nanos": 99225346
      }
    },
    "report_retention_config": {
      "history_retention_duration_days": 7,
      "downloadable_report_retention_days": 7,
      "downloadable_report_global_retention_bytes": 524288000
    },
    "vulnerability_exception_config": {
      "expiry_options": {
        "day_options": [
          {
            "num_days": 14,
            "enabled": true
          },
          {
            "num_days": 30,
            "enabled": true
          },
          {
            "num_days": 60,
            "enabled": true
          },
          {
            "num_days": 90,
            "enabled": true
          }
        ],
        "fixable_cve_options": {
          "all_fixable": true,
          "any_fixable": true
        }
      }
    },
    "administration_events_config": {
      "retention_duration_days": 4
    }
  }
}
