{
  "central": {
    "version": "4.4.x-661-g10777e9c80-dirty",
    "process": {
      "numGoroutines": 282,
      "numCPUs": 16,
      "memory": {
        "currentAllocBytes": 108878808,
        "currentAllocObjects": 1333471,
        "totalAllocBytes": 4749482288,
        "totalAllocObjects": 46667017,
        "sysMemBytes": 278059320,
        "numGCs": 274,
        "gcFraction": 0.00023709550731240803
      }
    },
    "id": "356009be-ecb2-4c42-b308-0238b800ef71",
    "installationTime": "2024-05-06T19:47:35.17127Z",
    "storage": {
      "diskCapacityBytes": 1022488477696,
      "diskUsedBytes": 173628043264,
      "storageType": "unknown",
      "dbs": [
        {
          "type": "postgres",
          "path": "",
          "databaseAvailable": true,
          "usedBytes": 0,
          "tables": [
            {
              "name": "active_components",
              "rowCount": 0,
              "tableSizeBytes": 16384,
              "indexSizeBytes": 65536,
              "toastSizeBytes": 8192
            },
            {
              "name": "active_components_active_contexts_slices",
              "rowCount": 0,
              "tableSizeBytes": 16384,
              "indexSizeBytes": 49152,
              "toastSizeBytes": 8192
            },
            {
              "name": "administration_events",
              "rowCount": 37,
              "tableSizeBytes": 98304,
              "indexSizeBytes": 16384,
              "toastSizeBytes": 8192
            },
            {
              "name": "alerts",
              "rowCount": 40,
              "tableSizeBytes": 188416,
              "indexSizeBytes": 98304,
              "toastSizeBytes": 229376
            },
            {
              "name": "api_tokens",
              "rowCount": 3,
              "tableSizeBytes": 8192,
              "indexSizeBytes": 16384,
              "toastSizeBytes": 8192
            },
            {
              "name": "auth_machine_to_machine_configs",
              "rowCount": -1,
              "tableSizeBytes": 0,
              "indexSizeBytes": 16384,
              "toastSizeBytes": 8192
            },
            {
              "name": "auth_machine_to_machine_configs_mappings",
              "rowCount": -1,
              "tableSizeBytes": 0,
              "indexSizeBytes": 16384,
              "toastSizeBytes": 8192
            },
            {
              "name": "auth_providers",
              "rowCount": 1,
              "tableSizeBytes": 8192,
              "indexSizeBytes": 32768,
              "toastSizeBytes": 24576
            },
            {
              "name": "blobs",
              "rowCount": 3,
              "tableSizeBytes": 8192,
              "indexSizeBytes": 16384,
              "toastSizeBytes": 8192
            },
            {
              "name": "cloud_sources",
              "rowCount": -1,
              "tableSizeBytes": 0,
              "indexSizeBytes": 16384,
              "toastSizeBytes": 8192
            },
            {
              "name": "cluster_cve_edges",
              "rowCount": 5,
              "tableSizeBytes": 40960,
              "indexSizeBytes": 49152,
              "toastSizeBytes": 8192
            },
            {
              "name": "cluster_cves",
              "rowCount": 5,
              "tableSizeBytes": 40960,
              "indexSizeBytes": 49152,
              "toastSizeBytes": 8192
            },
            {
              "name": "cluster_health_statuses",
              "rowCount": 9,
              "tableSizeBytes": 40960,
              "indexSizeBytes": 16384,
              "toastSizeBytes": 8192
            },
            {
              "name": "cluster_init_bundles",
              "rowCount": 1,
              "tableSizeBytes": 8192,
              "indexSizeBytes": 16384,
              "toastSizeBytes": 8192
            },
            {
              "name": "clusters",
              "rowCount": 9,
              "tableSizeBytes": 139264,
              "indexSizeBytes": 32768,
              "toastSizeBytes": 8192
            },
            {
              "name": "collections",
              "rowCount": -1,
              "tableSizeBytes": 0,
              "indexSizeBytes": 16384,
              "toastSizeBytes": 8192
            },
            {
              "name": "collections_embedded_collections",
              "rowCount": -1,
              "tableSizeBytes": 0,
              "indexSizeBytes": 16384,
              "toastSizeBytes": 8192
            },
            {
              "name": "compliance_configs",
              "rowCount": -1,
              "tableSizeBytes": 0,
              "indexSizeBytes": 8192,
              "toastSizeBytes": 8192
            },
            {
              "name": "compliance_domains",
              "rowCount": 117,
              "tableSizeBytes": 73728,
              "indexSizeBytes": 16384,
              "toastSizeBytes": 73728
            },
            {
              "name": "compliance_integrations",
              "rowCount": 1,
              "tableSizeBytes": 8192,
              "indexSizeBytes": 65536,
              "toastSizeBytes": 8192
            },
            {
              "name": "compliance_operator_check_result_v2",
              "rowCount": 212,
              "tableSizeBytes": 319488,
              "indexSizeBytes": 73728,
              "toastSizeBytes": 311296
            },
            {
              "name": "compliance_operator_check_results",
              "rowCount": 102,
              "tableSizeBytes": 212992,
              "indexSizeBytes": 16384,
              "toastSizeBytes": 139264
            },
            {
              "name": "compliance_operator_cluster_scan_config_statuses",
              "rowCount": -1,
              "tableSizeBytes": 0,
              "indexSizeBytes": 40960,
              "toastSizeBytes": 8192
            },
            {
              "name": "compliance_operator_profile_v2",
              "rowCount": 43,
              "tableSizeBytes": 81920,
              "indexSizeBytes": 49152,
              "toastSizeBytes": 466944
            },
            {
              "name": "compliance_operator_profile_v2_rules",
              "rowCount": 5018,
              "tableSizeBytes": 1179648,
              "indexSizeBytes": 876544,
              "toastSizeBytes": 8192
            },
            {
              "name": "compliance_operator_profiles",
              "rowCount": 43,
              "tableSizeBytes": 73728,
              "indexSizeBytes": 16384,
              "toastSizeBytes": 442368
            },
            {
              "name": "compliance_operator_remediation_v2",
              "rowCount": -1,
              "tableSizeBytes": 8192,
              "indexSizeBytes": 49152,
              "toastSizeBytes": 8192
            },
            {
              "name": "compliance_operator_rule_v2",
              "rowCount": 1063,
              "tableSizeBytes": 1908736,
              "indexSizeBytes": 303104,
              "toastSizeBytes": 2670592
            },
            {
              "name": "compliance_operator_rule_v2_controls",
              "rowCount": 5286,
              "tableSizeBytes": 778240,
              "indexSizeBytes": 1171456,
              "toastSizeBytes": 8192
            },
            {
              "name": "compliance_operator_rules",
              "rowCount": 1063,
              "tableSizeBytes": 2064384,
              "indexSizeBytes": 188416,
              "toastSizeBytes": 1761280
            },
            {
              "name": "compliance_operator_scan_configuration_v2",
              "rowCount": -1,
              "tableSizeBytes": 0,
              "indexSizeBytes": 16384,
              "toastSizeBytes": 8192
            },
            {
              "name": "compliance_operator_scan_configuration_v2_clusters",
              "rowCount": -1,
              "tableSizeBytes": 0,
              "indexSizeBytes": 65536,
              "toastSizeBytes": 0
            },
            {
              "name": "compliance_operator_scan_configuration_v2_notifiers",
              "rowCount": -1,
              "tableSizeBytes": 0,
              "indexSizeBytes": 16384,
              "toastSizeBytes": 8192
            },
            {
              "name": "compliance_operator_scan_configuration_v2_profiles",
              "rowCount": -1,
              "tableSizeBytes": 0,
              "indexSizeBytes": 16384,
              "toastSizeBytes": 8192
            },
            {
              "name": "compliance_operator_scan_setting_binding_v2",
              "rowCount": 2,
              "tableSizeBytes": 8192,
              "indexSizeBytes": 49152,
              "toastSizeBytes": 8192
            },
            {
              "name": "compliance_operator_scan_setting_bindings",
              "rowCount": 2,
              "tableSizeBytes": 8192,
              "indexSizeBytes": 16384,
              "toastSizeBytes": 8192
            },
            {
              "name": "compliance_operator_scan_v2",
              "rowCount": -1,
              "tableSizeBytes": 40960,
              "indexSizeBytes": 49152,
              "toastSizeBytes": 8192
            },
            {
              "name": "compliance_operator_scans",
              "rowCount": 3,
              "tableSizeBytes": 65536,
              "indexSizeBytes": 16384,
              "toastSizeBytes": 8192
            },
            {
              "name": "compliance_operator_suite_v2",
              "rowCount": -1,
              "tableSizeBytes": 8192,
              "indexSizeBytes": 49152,
              "toastSizeBytes": 8192
            },
            {
              "name": "compliance_run_metadata",
              "rowCount": 797,
              "tableSizeBytes": 270336,
              "indexSizeBytes": 147456,
              "toastSizeBytes": 8192
            },
            {
              "name": "compliance_run_results",
              "rowCount": 797,
              "tableSizeBytes": 876544,
              "indexSizeBytes": 147456,
              "toastSizeBytes": 507904
            },
            {
              "name": "compliance_strings",
              "rowCount": 797,
              "tableSizeBytes": 876544,
              "indexSizeBytes": 90112,
              "toastSizeBytes": 352256
            },
            {
              "name": "configs",
              "rowCount": -1,
              "tableSizeBytes": 8192,
              "indexSizeBytes": 0,
              "toastSizeBytes": 8192
            },
            {
              "name": "declarative_config_healths",
              "rowCount": 2,
              "tableSizeBytes": 8192,
              "indexSizeBytes": 16384,
              "toastSizeBytes": 8192
            },
            {
              "name": "delegated_registry_configs",
              "rowCount": -1,
              "tableSizeBytes": 0,
              "indexSizeBytes": 0,
              "toastSizeBytes": 8192
            },
            {
              "name": "deployments",
              "rowCount": 15,
              "tableSizeBytes": 180224,
              "indexSizeBytes": 32768,
              "toastSizeBytes": 163840
            },
            {
              "name": "deployments_containers",
              "rowCount": 17,
              "tableSizeBytes": 65536,
              "indexSizeBytes": 65536,
              "toastSizeBytes": 8192
            },
            {
              "name": "deployments_containers_envs",
              "rowCount": 292,
              "tableSizeBytes": 114688,
              "indexSizeBytes": 106496,
              "toastSizeBytes": 8192
            },
            {
              "name": "deployments_containers_secrets",
              "rowCount": 25,
              "tableSizeBytes": 40960,
              "indexSizeBytes": 32768,
              "toastSizeBytes": 8192
            },
            {
              "name": "deployments_containers_volumes",
              "rowCount": 66,
              "tableSizeBytes": 98304,
              "indexSizeBytes": 49152,
              "toastSizeBytes": 8192
            },
            {
              "name": "deployments_ports",
              "rowCount": 10,
              "tableSizeBytes": 40960,
              "indexSizeBytes": 32768,
              "toastSizeBytes": 8192
            },
            {
              "name": "deployments_ports_exposure_infos",
              "rowCount": 10,
              "tableSizeBytes": 40960,
              "indexSizeBytes": 32768,
              "toastSizeBytes": 8192
            },
            {
              "name": "discovered_clusters",
              "rowCount": -1,
              "tableSizeBytes": 0,
              "indexSizeBytes": 8192,
              "toastSizeBytes": 8192
            },
            {
              "name": "external_backups",
              "rowCount": -1,
              "tableSizeBytes": 0,
              "indexSizeBytes": 8192,
              "toastSizeBytes": 8192
            },
            {
              "name": "groups",
              "rowCount": 1,
              "tableSizeBytes": 8192,
              "indexSizeBytes": 32768,
              "toastSizeBytes": 8192
            },
            {
              "name": "hashes",
              "rowCount": 2,
              "tableSizeBytes": 40960,
              "indexSizeBytes": 16384,
              "toastSizeBytes": 352256
            },
            {
              "name": "image_component_cve_edges",
              "rowCount": 306,
              "tableSizeBytes": 270336,
              "indexSizeBytes": 204800,
              "toastSizeBytes": 8192
            },
            {
              "name": "image_component_edges",
              "rowCount": 732,
              "tableSizeBytes": 868352,
              "indexSizeBytes": 532480,
              "toastSizeBytes": 8192
            },
            {
              "name": "image_components",
              "rowCount": 534,
              "tableSizeBytes": 262144,
              "indexSizeBytes": 73728,
              "toastSizeBytes": 8192
            },
            {
              "name": "image_cve_edges",
              "rowCount": 366,
              "tableSizeBytes": 360448,
              "indexSizeBytes": 335872,
              "toastSizeBytes": 8192
            },
            {
              "name": "image_cves",
              "rowCount": 217,
              "tableSizeBytes": 524288,
              "indexSizeBytes": 98304,
              "toastSizeBytes": 24576
            },
            {
              "name": "image_integrations",
              "rowCount": 11,
              "tableSizeBytes": 8192,
              "indexSizeBytes": 49152,
              "toastSizeBytes": 8192
            },
            {
              "name": "images",
              "rowCount": 39,
              "tableSizeBytes": 122880,
              "indexSizeBytes": 16384,
              "toastSizeBytes": 335872
            },
            {
              "name": "images_layers",
              "rowCount": 682,
              "tableSizeBytes": 294912,
              "indexSizeBytes": 180224,
              "toastSizeBytes": 8192
            },
            {
              "name": "installation_infos",
              "rowCount": -1,
              "tableSizeBytes": 8192,
              "indexSizeBytes": 0,
              "toastSizeBytes": 8192
            },
            {
              "name": "integration_healths",
              "rowCount": 11,
              "tableSizeBytes": 8192,
              "indexSizeBytes": 16384,
              "toastSizeBytes": 8192
            },
            {
              "name": "k8s_roles",
              "rowCount": 88,
              "tableSizeBytes": 221184,
              "indexSizeBytes": 32768,
              "toastSizeBytes": 8192
            },
            {
              "name": "listening_endpoints",
              "rowCount": 0,
              "tableSizeBytes": 16384,
              "indexSizeBytes": 114688,
              "toastSizeBytes": 32768
            },
            {
              "name": "log_imbues",
              "rowCount": -1,
              "tableSizeBytes": 0,
              "indexSizeBytes": 8192,
              "toastSizeBytes": 8192
            },
            {
              "name": "namespaces",
              "rowCount": 7,
              "tableSizeBytes": 49152,
              "indexSizeBytes": 32768,
              "toastSizeBytes": 8192
            },
            {
              "name": "network_baselines",
              "rowCount": 15,
              "tableSizeBytes": 40960,
              "indexSizeBytes": 32768,
              "toastSizeBytes": 8192
            },
            {
              "name": "network_entities",
              "rowCount": 58233,
              "tableSizeBytes": 8159232,
              "indexSizeBytes": 2785280,
              "toastSizeBytes": 8192
            },
            {
              "name": "network_flows_v2",
              "rowCount": -20,
              "tableSizeBytes": 16384,
              "indexSizeBytes": 2498560,
              "toastSizeBytes": 163840
            },
            {
              "name": "network_graph_configs",
              "rowCount": 1,
              "tableSizeBytes": 8192,
              "indexSizeBytes": 16384,
              "toastSizeBytes": 8192
            },
            {
              "name": "networkpolicies",
              "rowCount": 6,
              "tableSizeBytes": 106496,
              "indexSizeBytes": 32768,
              "toastSizeBytes": 8192
            },
            {
              "name": "networkpoliciesundodeployments",
              "rowCount": -1,
              "tableSizeBytes": 0,
              "indexSizeBytes": 8192,
              "toastSizeBytes": 8192
            },
            {
              "name": "networkpolicyapplicationundorecords",
              "rowCount": -1,
              "tableSizeBytes": 0,
              "indexSizeBytes": 8192,
              "toastSizeBytes": 8192
            },
            {
              "name": "node_component_edges",
              "rowCount": 4,
              "tableSizeBytes": 49152,
              "indexSizeBytes": 81920,
              "toastSizeBytes": 8192
            },
            {
              "name": "node_components",
              "rowCount": 4,
              "tableSizeBytes": 40960,
              "indexSizeBytes": 16384,
              "toastSizeBytes": 8192
            },
            {
              "name": "node_components_cves_edges",
              "rowCount": 129,
              "tableSizeBytes": 73728,
              "indexSizeBytes": 147456,
              "toastSizeBytes": 8192
            },
            {
              "name": "node_cves",
              "rowCount": 129,
              "tableSizeBytes": 237568,
              "indexSizeBytes": 49152,
              "toastSizeBytes": 24576
            },
            {
              "name": "nodes",
              "rowCount": 3,
              "tableSizeBytes": 40960,
              "indexSizeBytes": 49152,
              "toastSizeBytes": 24576
            },
            {
              "name": "nodes_taints",
              "rowCount": -1,
              "tableSizeBytes": 0,
              "indexSizeBytes": 16384,
              "toastSizeBytes": 8192
            },
            {
              "name": "notification_schedules",
              "rowCount": -1,
              "tableSizeBytes": 8192,
              "indexSizeBytes": 0,
              "toastSizeBytes": 8192
            },
            {
              "name": "notifier_enc_configs",
              "rowCount": -1,
              "tableSizeBytes": 0,
              "indexSizeBytes": 0,
              "toastSizeBytes": 8192
            },
            {
              "name": "notifiers",
              "rowCount": -1,
              "tableSizeBytes": 0,
              "indexSizeBytes": 16384,
              "toastSizeBytes": 8192
            },
            {
              "name": "permission_sets",
              "rowCount": 11,
              "tableSizeBytes": 8192,
              "indexSizeBytes": 32768,
              "toastSizeBytes": 8192
            },
            {
              "name": "pods",
              "rowCount": 18,
              "tableSizeBytes": 139264,
              "indexSizeBytes": 32768,
              "toastSizeBytes": 8192
            },
            {
              "name": "pods_live_instances",
              "rowCount": 19,
              "tableSizeBytes": 49152,
              "indexSizeBytes": 32768,
              "toastSizeBytes": 8192
            },
            {
              "name": "policies",
              "rowCount": 86,
              "tableSizeBytes": 114688,
              "indexSizeBytes": 32768,
              "toastSizeBytes": 32768
            },
            {
              "name": "policy_categories",
              "rowCount": 13,
              "tableSizeBytes": 8192,
              "indexSizeBytes": 32768,
              "toastSizeBytes": 8192
            },
            {
              "name": "policy_category_edges",
              "rowCount": 108,
              "tableSizeBytes": 32768,
              "indexSizeBytes": 16384,
              "toastSizeBytes": 8192
            },
            {
              "name": "process_baseline_results",
              "rowCount": 5,
              "tableSizeBytes": 49152,
              "indexSizeBytes": 32768,
              "toastSizeBytes": 8192
            },
            {
              "name": "process_baselines",
              "rowCount": 22,
              "tableSizeBytes": 24576,
              "indexSizeBytes": 65536,
              "toastSizeBytes": 8192
            },
            {
              "name": "process_indicators",
              "rowCount": 0,
              "tableSizeBytes": 16384,
              "indexSizeBytes": 98304,
              "toastSizeBytes": 32768
            },
            {
              "name": "report_configurations",
              "rowCount": -1,
              "tableSizeBytes": 0,
              "indexSizeBytes": 8192,
              "toastSizeBytes": 8192
            },
            {
              "name": "report_configurations_notifiers",
              "rowCount": -1,
              "tableSizeBytes": 0,
              "indexSizeBytes": 16384,
              "toastSizeBytes": 8192
            },
            {
              "name": "report_snapshots",
              "rowCount": -1,
              "tableSizeBytes": 0,
              "indexSizeBytes": 8192,
              "toastSizeBytes": 8192
            },
            {
              "name": "risks",
              "rowCount": 175,
              "tableSizeBytes": 212992,
              "indexSizeBytes": 57344,
              "toastSizeBytes": 8192
            },
            {
              "name": "role_bindings",
              "rowCount": 73,
              "tableSizeBytes": 180224,
              "indexSizeBytes": 32768,
              "toastSizeBytes": 8192
            },
            {
              "name": "role_bindings_subjects",
              "rowCount": 78,
              "tableSizeBytes": 131072,
              "indexSizeBytes": 32768,
              "toastSizeBytes": 8192
            },
            {
              "name": "roles",
              "rowCount": 9,
              "tableSizeBytes": 8192,
              "indexSizeBytes": 16384,
              "toastSizeBytes": 8192
            },
            {
              "name": "secrets",
              "rowCount": 17,
              "tableSizeBytes": 114688,
              "indexSizeBytes": 32768,
              "toastSizeBytes": 8192
            },
            {
              "name": "secrets_files",
              "rowCount": 36,
              "tableSizeBytes": 40960,
              "indexSizeBytes": 32768,
              "toastSizeBytes": 0
            },
            {
              "name": "secrets_files_registries",
              "rowCount": -1,
              "tableSizeBytes": 8192,
              "indexSizeBytes": 32768,
              "toastSizeBytes": 8192
            },
            {
              "name": "secured_units",
              "rowCount": -1,
              "tableSizeBytes": 8192,
              "indexSizeBytes": 32768,
              "toastSizeBytes": 8192
            },
            {
              "name": "sensor_upgrade_configs",
              "rowCount": -1,
              "tableSizeBytes": 8192,
              "indexSizeBytes": 0,
              "toastSizeBytes": 8192
            },
            {
              "name": "service_accounts",
              "rowCount": 47,
              "tableSizeBytes": 139264,
              "indexSizeBytes": 32768,
              "toastSizeBytes": 8192
            },
            {
              "name": "service_identities",
              "rowCount": 96,
              "tableSizeBytes": 16384,
              "indexSizeBytes": 16384,
              "toastSizeBytes": 8192
            },
            {
              "name": "signature_integrations",
              "rowCount": -1,
              "tableSizeBytes": 0,
              "indexSizeBytes": 16384,
              "toastSizeBytes": 8192
            },
            {
              "name": "simple_access_scopes",
              "rowCount": 2,
              "tableSizeBytes": 8192,
              "indexSizeBytes": 32768,
              "toastSizeBytes": 8192
            },
            {
              "name": "system_infos",
              "rowCount": -1,
              "tableSizeBytes": 8192,
              "indexSizeBytes": 0,
              "toastSizeBytes": 8192
            },
            {
              "name": "versions",
              "rowCount": -1,
              "tableSizeBytes": 8192,
              "indexSizeBytes": 0,
              "toastSizeBytes": 8192
            },
            {
              "name": "vulnerability_requests",
              "rowCount": -1,
              "tableSizeBytes": 0,
              "indexSizeBytes": 16384,
              "toastSizeBytes": 8192
            },
            {
              "name": "vulnerability_requests_approvers",
              "rowCount": -1,
              "tableSizeBytes": 0,
              "indexSizeBytes": 16384,
              "toastSizeBytes": 8192
            },
            {
              "name": "vulnerability_requests_approvers_v2",
              "rowCount": -1,
              "tableSizeBytes": 0,
              "indexSizeBytes": 16384,
              "toastSizeBytes": 8192
            },
            {
              "name": "vulnerability_requests_comments",
              "rowCount": -1,
              "tableSizeBytes": 0,
              "indexSizeBytes": 16384,
              "toastSizeBytes": 8192
            },
            {
              "name": "watched_images",
              "rowCount": -1,
              "tableSizeBytes": 0,
              "indexSizeBytes": 8192,
              "toastSizeBytes": 8192
            }
          ],
          "databaseDetails": [
            {
              "databaseName": "central",
              "databaseSizeBytes": 56857059
            }
          ]
        }
      ]
    },
    "apiStats": {
      "http": [
        {
          "route": "/api/extensions/diagnostics",
          "normalInvocations": [
            {
              "statusCode": 200,
              "count": 3
            }
          ]
        },
        {
          "route": "/api/extensions/scannerdefinitions",
          "normalInvocations": [
            {
              "statusCode": 500,
              "count": 93
            }
          ]
        }
      ],
      "grpc": [
        {
          "method": "/v1.GRPCPreferencesService/Get",
          "normalInvocations": [
            {
              "code": 0,
              "count": 5
            }
          ]
        },
        {
          "method": "/v1.ImageService/ScanImageInternal",
          "normalInvocations": [
            {
              "code": 0,
              "count": 44
            }
          ]
        },
        {
          "method": "/v1.PingService/Ping",
          "normalInvocations": [
            {
              "code": 0,
              "count": 2767
            }
          ]
        },
        {
          "method": "/v1.MetadataService/TLSChallenge",
          "normalInvocations": [
            {
              "code": 0,
              "count": 5
            }
          ]
        }
      ]
    },
    "autoUpgradeEnabled": true
  },
  "clusters": [
    {
      "id": "a803ecda-f4e4-4f82-8ee6-0b7f8fe5a431",
      "helmManaged": false
    },
    {
      "id": "49502f66-5a98-4671-9376-04e861f9cf1b",
      "helmManaged": false,
      "sensor": {
        "version": "",
        "currentlyConnected": false
      },
      "orchestrator": {
        "orchestrator": "OPENSHIFT_CLUSTER",
        "orchestratorVersion": ""
      }
    },
    {
      "id": "29063b2c-a6cc-4f3a-bb26-5be3e62db2e1",
      "helmManaged": false,
      "sensor": {
        "version": "",
        "currentlyConnected": false
      },
      "orchestrator": {
        "orchestrator": "KUBERNETES_CLUSTER",
        "orchestratorVersion": ""
      }
    },
    {
      "id": "a79f5320-9fd9-40be-a4e7-053817c4eaf6",
      "helmManaged": false,
      "sensor": {
        "version": "",
        "currentlyConnected": false
      },
      "orchestrator": {
        "orchestrator": "KUBERNETES_CLUSTER",
        "orchestratorVersion": ""
      }
    },
    {
      "id": "2e05becb-24c3-4f05-ba3e-596c53e777fb",
      "helmManaged": false,
      "sensor": {
        "version": "",
        "currentlyConnected": false
      },
      "orchestrator": {
        "orchestrator": "KUBERNETES_CLUSTER",
        "orchestratorVersion": ""
      }
    },
    {
      "id": "59e4f460-9a33-4f46-a742-650ebdacc889",
      "helmManaged": false,
      "sensor": {
        "version": "",
        "currentlyConnected": false
      },
      "orchestrator": {
        "orchestrator": "OPENSHIFT_CLUSTER",
        "orchestratorVersion": ""
      }
    },
    {
      "id": "ad839c9d-1cc8-435c-9429-d3bd2ffc9cd8",
      "helmManaged": false,
      "sensor": {
        "version": "",
        "currentlyConnected": false
      },
      "orchestrator": {
        "orchestrator": "KUBERNETES_CLUSTER",
        "orchestratorVersion": ""
      }
    },
    {
      "id": "1c87e54f-9ef0-4ddc-9223-88e6691feb5a",
      "helmManaged": false,
      "sensor": {
        "version": "",
        "currentlyConnected": false
      },
      "orchestrator": {
        "orchestrator": "OPENSHIFT_CLUSTER",
        "orchestratorVersion": ""
      }
    },
    {
      "id": "121c8aee-6ee3-482a-9e6d-c267429268cc",
      "helmManaged": false,
      "sensor": {
        "version": "",
        "currentlyConnected": false
      },
      "orchestrator": {
        "orchestrator": "OPENSHIFT_CLUSTER",
        "orchestratorVersion": ""
      }
    }
  ]
}
